"Id","IsDeleted","MasterRecordId","AccountId","Salutation","FirstName","LastName","OtherStreet","OtherCity","OtherState","OtherPostalCode","OtherCountry","OtherLatitude","OtherLongitude","OtherGeocodeAccuracy","MailingStreet","MailingCity","MailingState","MailingPostalCode","MailingCountry","MailingLatitude","MailingLongitude","MailingGeocodeAccuracy","Phone","Fax","MobilePhone","HomePhone","OtherPhone","AssistantPhone","ReportsToId","Email","Title","Department","AssistantName","LeadSource","Birthdate","Description","OwnerId","HasOptedOutOfEmail","HasOptedOutOfFax","DoNotCall","CreatedDate","CreatedById","LastModifiedDate","LastModifiedById","SystemModstamp","LastActivityDate","LastCURequestDate","LastCUUpdateDate","EmailBouncedReason","EmailBouncedDate","Jigsaw","JigsawContactId","CleanStatus","IndividualId","Level__c","Languages__c","Location__Latitude__s","Location__Longitude__s","Stage__c"
"0032x0000031Lo2AAE","0","","0012x000003sat9AAA","Ms.","Rose","Gonzalez","","","","","","","","","312 Constitution Place Austin, TX 78767 USA","","","","","","","","(512) 757-6000","(512) 757-9000","(512) 757-9340","","","","","rose@edge.com","SVP, Procurement","Procurement","","Trade Show","1968-03-26 00:00:00","","0052x000000zN8hAAE","0","0","0","2020-04-13 13:46:10","0052x000000zN8hAAE","2020-06-19 06:09:02","0052x000000zN8hAAE","2020-06-19 06:09:02","","","","","","","","Pending","000000000000000AAA","Primary","English","","",""
"0032x0000031Lo3AAE","0","","0012x000003sat9AAA","Mr.","Sean","Forbes","","","","","","","","","312 Constitution Place Austin, TX 78767 USA","","","","","","","","(512) 757-6000","(512) 757-9000","(512) 757-4561","","","","","sean@edge.com","CFO","Finance","","Trade Show","1946-12-23 00:00:00","","0052x000000zN8hAAE","0","0","0","2020-04-13 13:46:10","0052x000000zN8hAAE","2020-06-19 06:09:02","0052x000000zN8hAAE","2020-06-19 06:09:02","","","","","","","","Pending","000000000000000AAA","Secondary","English","","",""
"0032x0000031Lo4AAE","0","","0012x000003satAAAQ","Mr.","Jack","Rogers","","","","","","","","","","","","","","","","","(336) 222-7000","(336) 222-8000","","","","","","jrogers@burlington.com","VP, Facilities","","","Web","","","0052x000000zN8hAAE","0","0","0","2020-04-13 13:46:10","0052x000000zN8hAAE","2020-06-19 06:09:02","0052x000000zN8hAAE","2020-06-19 06:09:02","","","","","","","","Pending","000000000000000AAA","","","","",""
"0032x0000031Lo5AAE","0","","0012x000003satBAAQ","Ms.","Pat","Stumuller","2 Place Jussieu","Paris","","75251","France","","","","2 Place Jussieu","Paris","","75251","France","","","","(014) 427-4427","(014) 427-4428","(014) 454-6364","","","(014) 427-4465","","pat@pyramid.net","SVP, Administration and Finance","Finance","Jean Marie","","","","0052x000000zN8hAAE","0","0","0","2020-04-13 13:46:10","0052x000000zN8hAAE","2020-06-19 06:09:02","0052x000000zN8hAAE","2020-06-19 06:09:02","","","","","","","","Pending","000000000000000AAA","Primary","French, English","","",""
"0032x0000031Lo6AAE","0","","0012x000003satCAAQ","Mr","Andy","Young","1301 Hoch Drive","Lawrence","KS","66045","USA","","","","1301 Hoch Drive","Lawrence","KS","66045","USA","","","","(785) 241-6200","","(785) 265-5350","","","","","a_young@dickenson.com","SVP, Operations","Internal Operations","","Purchased List","","","0052x000000zN8hAAE","0","0","0","2020-04-13 13:46:10","0052x000000zN8hAAE","2020-06-19 06:09:02","0052x000000zN8hAAE","2020-06-19 06:09:02","","","","","","","","Pending","000000000000000AAA","Primary","English","","",""
"0032x0000031Lo7AAE","0","","0012x000003satDAAQ","Mr.","Tim","Barr","","","","","","","","","2334 N. Michigan Avenue, Suite 1500 Chicago, IL 60601, USA","","","","","","","","(312) 596-1000","(312) 596-1500","(312) 596-1230","","","","","barr_tim@grandhotels.com","SVP, Administration and Finance","Finance","","External Referral","1953-11-20 00:00:00","","0052x000000zN8hAAE","0","0","0","2020-04-13 13:46:10","0052x000000zN8hAAE","2020-06-19 06:09:02","0052x000000zN8hAAE","2020-06-19 06:09:02","","","","","","","","Pending","000000000000000AAA","Secondary","English","","",""
"0032x0000031Lo8AAE","0","","0012x000003satDAAQ","Mr.","John","Bond","","","","","","","","","2334 N. Michigan Avenue, Suite 1500 Chicago, IL 60601, USA","","","","","","","","(312) 596-1000","(312) 596-1500","(312) 596-1563","","","","","bond_john@grandhotels.com","VP, Facilities","Facilities","","External Referral","1956-02-01 00:00:00","","0052x000000zN8hAAE","0","0","0","2020-04-13 13:46:10","0052x000000zN8hAAE","2020-06-19 06:09:02","0052x000000zN8hAAE","2020-06-19 06:09:02","","","","","","","","Pending","000000000000000AAA","Primary","English","","",""
"0032x0000031Lo9AAE","0","","0012x000003satEAAQ","Ms.","Stella","Pavlova","","","","","","","","","1301 Avenue of the Americas  New York, NY 10019 USA","","","","","","","","(212) 842-5500","(212) 842-5501","(212) 842-5501","","(212) 842-5543","(212) 842-5589","","spavlova@uog.com","SVP, Production","Production","Audrey Haynes","Public Relations","1943-07-18 00:00:00","","0052x000000zN8hAAE","0","0","0","2020-04-13 13:46:10","0052x000000zN8hAAE","2020-06-19 06:09:02","0052x000000zN8hAAE","2020-06-19 06:09:02","","","","","","","","Pending","000000000000000AAA","Tertiary","English","","",""
"0032x0000031LoAAAU","0","","0012x000003satEAAQ","Ms.","Lauren","Boyle","","","","","","","","","1301 Avenue of the Americas  New York, NY 10019 USA","","","","","","","","(212) 842-5500","(212) 842-5501","(212) 842-5611","","","","","lboyle@uog.com","SVP, Technology","Technology","","Public Relations","1960-08-30 00:00:00","","0052x000000zN8hAAE","0","0","0","2020-04-13 13:46:10","0052x000000zN8hAAE","2020-06-19 06:09:02","0052x000000zN8hAAE","2020-06-19 06:09:02","","","","","","","","Pending","000000000000000AAA","Secondary","English","","",""
"0032x0000031LoBAAU","0","","0012x000003satFAAQ","Ms.","Babara","Levy","","","","","","","","","620 SW 5th Avenue Suite 400 Portland, Oregon 97204 United States","","","","","","","","(503) 421-7800","(503) 421-7801","(503) 421-5451","","","(503) 421-6782","","b.levy@expressl&t.net","SVP, Operations","Operations","Ron Sage","Word of mouth","1937-03-03 00:00:00","","0052x000000zN8hAAE","0","0","0","2020-04-13 13:46:10","0052x000000zN8hAAE","2020-06-19 06:09:02","0052x000000zN8hAAE","2020-06-19 06:09:02","","","","","","","","Pending","000000000000000AAA","Primary","English","","",""
"0032x0000031LoCAAU","0","","0012x000003satFAAQ","Mr.","Josh","Davis","","","","","","","","","620 SW 5th Avenue Suite 400 Portland, Oregon 97204 United States","","","","","","","","(503) 421-7800","(503) 421-7801","(503) 421-4387","","","","","j.davis@expressl&t.net","Director, Warehouse Mgmt","Warehouse Mgmt","","Word of mouth","1948-06-27 00:00:00","","0052x000000zN8hAAE","0","0","0","2020-04-13 13:46:10","0052x000000zN8hAAE","2020-06-19 06:09:02","0052x000000zN8hAAE","2020-06-19 06:09:02","","","","","","","","Pending","000000000000000AAA","Secondary","English","","",""
"0032x0000031LoDAAU","0","","0012x000003satGAAQ","Ms.","Jane","Grey","","","","","","","","","888 N Euclid  Hallis Center, Room 501 Tucson, AZ 85721 United States","","","","","","","","(520) 773-9050","(520) 773-9060","(520) 773-4539","","","","","jane_gray@uoa.edu","Dean of Administration","Administration","","Word of mouth","1944-05-14 00:00:00","","0052x000000zN8hAAE","0","0","0","2020-04-13 13:46:10","0052x000000zN8hAAE","2020-06-19 06:09:02","0052x000000zN8hAAE","2020-06-19 06:09:02","","","","","","","","Pending","000000000000000AAA","Primary","English","","",""
"0032x0000031LoEAAU","0","","0012x000003satEAAQ","Mr.","Arthur","Song","","","","","","","","","1301 Avenue of the Americas  New York, NY 10019 USA","","","","","","","","(212) 842-5500","(212) 842-5501","(212) 842-4535","","","(212) 842-5464","","asong@uog.com","CEO","Executive Team","Pat Feinstein","Public Relations","1951-11-13 00:00:00","","0052x000000zN8hAAE","0","0","0","2020-04-13 13:46:10","0052x000000zN8hAAE","2020-06-19 06:09:02","0052x000000zN8hAAE","2020-06-19 06:09:02","","","","","","","","Pending","000000000000000AAA","Secondary","English","","",""
"0032x0000031LoFAAU","0","","0012x000003satHAAQ","Ms.","Ashley","James","","","","","","","","","Kings Park, 17th Avenue, Team Valley Trading Estate, Gateshead, Tyne and Wear NE26 3HS United Kingdom","","","","","","","","+44 191 4956203","+44 191 4956620","+44 191 3456234","","","","","ajames@uog.com","VP, Finance","Finance","","Public Relations","1946-07-23 00:00:00","","0052x000000zN8hAAE","0","0","0","2020-04-13 13:46:10","0052x000000zN8hAAE","2020-06-19 06:09:02","0052x000000zN8hAAE","2020-06-19 06:09:02","","","","","","","","Pending","000000000000000AAA","Primary","English","","",""
"0032x0000031LoGAAU","0","","0012x000003satIAAQ","Mr.","Tom","Ripley","","","","","","","","","9 Tagore Lane Singapore, Singapore 787472 Singapore","","","","","","","","(650) 450-8810","(650) 450-8820","(650) 345-7636","","","","","tripley@uog.com","Regional General Manager","Executive Team","","Public Relations","1950-09-19 00:00:00","","0052x000000zN8hAAE","0","0","0","2020-04-13 13:46:10","0052x000000zN8hAAE","2020-06-19 06:09:02","0052x000000zN8hAAE","2020-06-19 06:09:02","","","","","","","","Pending","000000000000000AAA","Primary","English","","",""
"0032x0000031LoHAAU","0","","0012x000003satIAAQ","Ms.","Liz","D'Cruz","","","","","","","","","9 Tagore Lane Singapore, Singapore 787472 Singapore","","","","","","","","(650) 450-8810","(650) 450-8820","(650) 345-6637","","","","","ldcruz@uog.com","VP, Production","Production","","Public Relations","1961-12-30 00:00:00","","0052x000000zN8hAAE","0","0","0","2020-04-13 13:46:10","0052x000000zN8hAAE","2020-06-19 06:09:02","0052x000000zN8hAAE","2020-06-19 06:09:02","","","","","","","","Pending","000000000000000AAA","Secondary","English","","",""
"0032x0000031LoIAAU","0","","0012x000003satJAAQ","Ms.","Edna","Frank","","","","","","","","","345 Shoreline Park Mountain View, CA 94043 USA","","","","","","","","(650) 867-3450","(650) 867-9895","(650) 867-7686","","","","","efrank@genepoint.com","VP, Technology","Technology","","Partner","1942-06-06 00:00:00","","0052x000000zN8hAAE","0","0","0","2020-04-13 13:46:10","0052x000000zN8hAAE","2020-06-19 06:09:02","0052x000000zN8hAAE","2020-06-19 06:09:02","","","","","","","","Pending","000000000000000AAA","Primary","English","","",""
"0032x0000031LoJAAU","0","","0012x000003satEAAQ","Mr.","Avi","Green","","","","","","","","","1301 Avenue of the Americas  New York, NY 10019 USA","","","","","","","","(212) 842-5500","(212) 842-5501","(212) 842-2383","","","(212) 842-5428","","agreen@uog.com","CFO","Finance","Chris Nobel","Public Relations","1933-10-24 00:00:00","","0052x000000zN8hAAE","0","0","0","2020-04-13 13:46:10","0052x000000zN8hAAE","2020-06-19 06:09:02","0052x000000zN8hAAE","2020-06-19 06:09:02","","","","","","","","Pending","000000000000000AAA","Primary","English","","",""
"0032x0000031LoKAAU","0","","0012x000003satKAAQ","Ms.","Siddartha","Nedaerk","","","","","","","","","","","","","","","","","","","","","","","","","","","","","","","0052x000000zN8hAAE","0","0","0","2020-04-13 13:46:10","0052x000000zN8hAAE","2020-06-19 06:09:02","0052x000000zN8hAAE","2020-06-19 06:09:02","","","","","","","","Pending","000000000000000AAA","","","","",""
"0032x0000031LoLAAU","0","","0012x000003satKAAQ","Mr.","Jake","Llorrac","","","","","","","","","","","","","","","","","","","","","","","","","","","","","","","0052x000000zN8hAAE","0","0","0","2020-04-13 13:46:10","0052x000000zN8hAAE","2020-06-19 06:09:02","0052x000000zN8hAAE","2020-06-19 06:09:02","","","","","","","","Pending","000000000000000AAA","","","","",""
"0032x0000031pIoAAI","0","","000000000000000AAA","Mr.","John","Dodge","","","","","","","","","","","","","","","","","","","(555) 888-8888","","","","","jdodge@example.com","SVP of Sales","","","","","","0052x000000zN8hAAE","0","0","0","2020-04-14 13:04:02","0052x000000zN8hAAE","2020-04-14 13:04:02","0052x000000zN8hAAE","2020-04-14 13:04:02","","","","","","","","Pending","000000000000000AAA","","","","",""
"0032x0000031pIqAAI","0","","000000000000000AAA","Dr.","George","Dapper","","","","","","","","","","","","","","","","","","","(555) 999-0000","","","","","gdapper@example.com","Director of Healthcare","","","","","","0052x000000zN8hAAE","0","0","0","2020-04-14 13:04:02","0052x000000zN8hAAE","2020-04-14 13:04:02","0052x000000zN8hAAE","2020-04-14 13:04:02","","","","","","","","Pending","000000000000000AAA","","","","",""
"0032x0000031pIrAAI","0","","000000000000000AAA","Mr.","Jack","Dodge","","","","","","","","","","","","","","","","","","","(555) 888-8888","","","","","jdodge2@example.com","EVP of Sales","","","","","","0052x000000zN8hAAE","0","0","0","2020-04-14 13:04:02","0052x000000zN8hAAE","2020-04-14 13:04:02","0052x000000zN8hAAE","2020-04-14 13:04:02","","","","","","","","Pending","000000000000000AAA","","","","",""
"0032x0000031pIsAAI","0","","000000000000000AAA","Mrs.","Jessica","Jones","","","","","","","","","","","","","","","","","","","(555) 999-8888","","","","","jjones@example.com","Senior Sales Rep","","","","","","0052x000000zN8hAAE","0","0","0","2020-04-14 13:04:02","0052x000000zN8hAAE","2020-04-14 13:04:02","0052x000000zN8hAAE","2020-04-14 13:04:02","","","","","","","","Pending","000000000000000AAA","","","","",""
"0032x0000031pItAAI","0","","000000000000000AAA","Dr.","Dragon","Davich","","","","","","","","","","","","","","","","","","","(555) 999-0000","","","","","dragonr@example.com","Senior Member of Medical Staff","","","","","","0052x000000zN8hAAE","0","0","0","2020-04-14 13:04:02","0052x000000zN8hAAE","2020-04-14 13:04:02","0052x000000zN8hAAE","2020-04-14 13:04:02","","","","","","","","Pending","000000000000000AAA","","","","",""
"0032x0000031pIuAAI","0","","000000000000000AAA","Mr.","Steve","Curio","","","","","","","","","","","","","","","","","","","(555) 555-5454","","","","","curious@example.com","Janitor","","","","","","0052x000000zN8hAAE","0","0","0","2020-04-14 13:04:02","0052x000000zN8hAAE","2020-04-14 13:04:02","0052x000000zN8hAAE","2020-04-14 13:04:02","","","","","","","","Pending","000000000000000AAA","","","","",""
"0032x0000031pIvAAI","0","","000000000000000AAA","Ms.","Laura","Black","","","","","","","","","","","","","","","","","","","(555) 555-3434","","","","","black@example.com","Sales Rep","","","","","","0052x000000zN8hAAE","0","0","0","2020-04-14 13:04:02","0052x000000zN8hAAE","2020-04-14 13:04:02","0052x000000zN8hAAE","2020-04-14 13:04:02","","","","","","","","Pending","000000000000000AAA","","","","",""
"0032x0000031pIwAAI","0","","000000000000000AAA","Mr.","Wilhelm","Blake","","","","","","","","","","","","","","","","","","","(555) 555-5543","","","","","wblake@example.com","CEO","","","","","","0052x000000zN8hAAE","0","0","0","2020-04-14 13:04:02","0052x000000zN8hAAE","2020-04-14 13:04:02","0052x000000zN8hAAE","2020-04-14 13:04:02","","","","","","","","Pending","000000000000000AAA","","","","",""
"0032x0000031pIxAAI","0","","000000000000000AAA","Mr.","Winter","Drake","","","","","","","","","","","","","","","","","","","(555) 555-5554","","","","","dragon2@example.com","CFO","","","","","","0052x000000zN8hAAE","0","0","0","2020-04-14 13:04:02","0052x000000zN8hAAE","2020-04-14 13:04:02","0052x000000zN8hAAE","2020-04-14 13:04:02","","","","","","","","Pending","000000000000000AAA","","","","",""
"0032x0000031pIyAAI","0","","000000000000000AAA","Mr.","Sal","Sands","","","","","","","","","","","","","","","","","","","(555) 555-5553","","","","","sandssquared@example.com","CTO","","","","","","0052x000000zN8hAAE","0","0","0","2020-04-14 13:04:02","0052x000000zN8hAAE","2020-04-14 13:04:02","0052x000000zN8hAAE","2020-04-14 13:04:02","","","","","","","","Pending","000000000000000AAA","","","","",""
"0032x0000031pIzAAI","0","","000000000000000AAA","Ms.","Julia","Wilds","","","","","","","","","","","","","","","","","","","(555) 555-9988","","","","","jwilds@example.com","CMO","","","","","","0052x000000zN8hAAE","0","0","0","2020-04-14 13:04:02","0052x000000zN8hAAE","2020-04-14 13:04:02","0052x000000zN8hAAE","2020-04-14 13:04:02","","","","","","","","Pending","000000000000000AAA","","","","",""
"0032x0000031pJ0AAI","0","","000000000000000AAA","Mrs.","Juniper","Birsch","","","","","","","","","","","","","","","","","","","(555) 555-5432","","","","","woodsy@example.com","Director of Engineering","","","","","","0052x000000zN8hAAE","0","0","0","2020-04-14 13:04:02","0052x000000zN8hAAE","2020-04-14 13:04:02","0052x000000zN8hAAE","2020-04-14 13:04:02","","","","","","","","Pending","000000000000000AAA","","","","",""
"0032x0000031pJ1AAI","0","","000000000000000AAA","Ms.","Valerie","Duncan","","","","","","","","","","","","","","","","","","","(555) 555-3433","","","","","vduncan@example.com","Senior Member, Technical Staff","","","","","","0052x000000zN8hAAE","0","0","0","2020-04-14 13:04:02","0052x000000zN8hAAE","2020-04-14 13:04:02","0052x000000zN8hAAE","2020-04-14 13:04:02","","","","","","","","Pending","000000000000000AAA","","","","",""
"0032x0000031pJ2AAI","0","","000000000000000AAA","Mrs.","Patti","Patel","","","","","","","","","","","","","","","","","","","(555) 555-4334","","","","","ppatel@example.com","Head of Software Engineering","","","","","","0052x000000zN8hAAE","0","0","0","2020-04-14 13:04:02","0052x000000zN8hAAE","2020-04-14 13:04:02","0052x000000zN8hAAE","2020-04-14 13:04:02","","","","","","","","Pending","000000000000000AAA","","","","",""
"0032x0000031pJ3AAI","0","","000000000000000AAA","Mr.","Justin","Short","","","","","","","","","","","","","","","","","","","(555) 445-3343","","","","","jshort@example.com","Actor","","","","","","0052x000000zN8hAAE","0","0","0","2020-04-14 13:04:02","0052x000000zN8hAAE","2020-04-14 13:04:02","0052x000000zN8hAAE","2020-04-14 13:04:02","","","","","","","","Pending","000000000000000AAA","","","","",""
"0032x0000031pJ4AAI","0","","000000000000000AAA","Mr.","John","Downes","","","","","","","","","","","","","","","","","","","(555) 444-0117","","","","","bungie@example.com","Master Chief","","","","","","0052x000000zN8hAAE","0","0","0","2020-04-14 13:04:02","0052x000000zN8hAAE","2020-04-14 13:04:02","0052x000000zN8hAAE","2020-04-14 13:04:02","","","","","","","","Pending","000000000000000AAA","","","","",""
"0032x0000031pJ5AAI","0","","000000000000000AAA","Mr.","Xavier","Birch","","","","","","","","","","","","","","","","","","","(555) 000-0333","","","","","xjb@example.com","Chair of Genealogy","","","","","","0052x000000zN8hAAE","0","0","0","2020-04-14 13:04:02","0052x000000zN8hAAE","2020-04-14 13:04:02","0052x000000zN8hAAE","2020-04-14 13:04:02","","","","","","","","Pending","000000000000000AAA","","","","",""
"0032x0000031pJ6AAI","0","","000000000000000AAA","Chairman","Basil","Wenceslas","","","","","","","","","","","","","","","","","","","(555) 666-3433","","","","","hansa@example.com","Chairman","","","","","","0052x000000zN8hAAE","0","0","0","2020-04-14 13:04:02","0052x000000zN8hAAE","2020-04-14 13:04:02","0052x000000zN8hAAE","2020-04-14 13:04:02","","","","","","","","Pending","000000000000000AAA","","","","",""
"0032x0000031pJ7AAI","0","","000000000000000AAA","Ms.","Alice","Black","","","","","","","","","","","","","","","","","","","(555) 555-5555","","","","","blackalice@example.com","Botanist","","","","","","0052x000000zN8hAAE","0","0","0","2020-04-14 13:04:02","0052x000000zN8hAAE","2020-04-14 13:04:02","0052x000000zN8hAAE","2020-04-14 13:04:02","","","","","","","","Pending","000000000000000AAA","","","","",""
"0032x0000032HuSAAU","0","","000000000000000AAA","Ms.","Ashley","Clinton","","","","","","","","","","","","","","","","","","","","","","","","","","","","","","","0052x000000zN8hAAE","0","0","0","2020-04-15 09:53:05","0052x000000zN8hAAE","2020-04-15 09:53:05","0052x000000zN8hAAE","2020-04-15 10:34:57","2020-04-15 00:00:00","","","","","","","Pending","000000000000000AAA","","","","","Prospect"
"0032x0000033mxxAAA","0","","0012x000003satJAAQ","Ms.","emily","clarks","","","","","","","","","345 Shoreline Park Mountain View, CA 94043 USA","","","","","","","","","","","","","","","","","","","","","","0052x000000zN8hAAE","0","0","0","2020-04-17 09:10:43","0052x000000zN8hAAE","2020-06-19 06:09:02","0052x000000zN8hAAE","2020-06-19 06:09:02","","","","","","","","Pending","000000000000000AAA","","","","",""
"0032x0000034rqAAAQ","0","","000000000000000AAA","","Caroline","Roth","","","","","","","","","","","","","","","","","","","","","","","","","Financial analyst","Finance","","","","","0052x000000zN8hAAE","0","0","0","2020-04-20 06:26:16","0052x000000zN8hAAE","2020-04-20 06:26:16","0052x000000zN8hAAE","2020-04-20 06:26:16","","","","","","","","Pending","000000000000000AAA","","","","",""
"0032x0000034rqBAAQ","0","","000000000000000AAA","","Kim","Shain","","","","","","","","","","","","","","","","","","","","","","","","","","Education","","","","","0052x000000zN8hAAE","0","0","0","2020-04-20 06:26:16","0052x000000zN8hAAE","2020-04-20 06:26:16","0052x000000zN8hAAE","2020-04-20 06:26:16","","","","","","","","Pending","000000000000000AAA","","","","",""
"0032x0000034ryCAAQ","0","","000000000000000AAA","","Josh","Kaplan","","","","","","","","","","","","","","","","","","","","","","","","","","Finance","","","","Josh's record has been updated by the upsert operation.","0052x000000zN8hAAE","0","0","0","2020-04-20 06:38:51","0052x000000zN8hAAE","2020-04-20 06:38:51","0052x000000zN8hAAE","2020-04-20 06:38:51","","","","","","","","Pending","000000000000000AAA","","","","",""
"0032x0000034ryDAAQ","0","","000000000000000AAA","","Kathy","Brown","","","","","","","","","","","","","","","","","","","","","","","","","","Technology","","","","","0052x000000zN8hAAE","0","0","0","2020-04-20 06:38:51","0052x000000zN8hAAE","2020-04-20 06:38:51","0052x000000zN8hAAE","2020-04-20 06:38:51","","","","","","","","Pending","000000000000000AAA","","","","",""
"0032x0000034tBqAAI","0","","000000000000000AAA","","Joe","Smith","","","","","","","","","","","","","","","","","","","","","","","","","","Finance","","","","","0052x000000zN8hAAE","0","0","0","2020-04-20 06:59:56","0052x000000zN8hAAE","2020-04-20 06:59:56","0052x000000zN8hAAE","2020-04-20 06:59:56","","","","","","","","Pending","000000000000000AAA","","","","",""
"0032x0000034tBrAAI","0","","000000000000000AAA","","Kathy","Smith","","","","","","","","","","","","","","","","","","","","","","","","","","Technology","","","","","0052x000000zN8hAAE","0","0","0","2020-04-20 06:59:56","0052x000000zN8hAAE","2020-04-20 06:59:56","0052x000000zN8hAAE","2020-04-20 06:59:56","","","","","","","","Pending","000000000000000AAA","","","","",""
"0032x0000034tBsAAI","0","","000000000000000AAA","","Caroline","Roth","","","","","","","","","","","","","","","","","","","","","","","","","","Finance","","","","","0052x000000zN8hAAE","0","0","0","2020-04-20 06:59:56","0052x000000zN8hAAE","2020-04-20 06:59:56","0052x000000zN8hAAE","2020-04-20 06:59:56","","","","","","","","Pending","000000000000000AAA","","","","",""
"0032x000003HUbIAAW","0","","0012x000004FKdmAAG","","Carol","Ruiz","","","","","","","","","","","","","","","","","(415)555-1212","","","","","","","","","Wingo","","","","","0052x000000zN8hAAE","0","0","0","2020-04-20 07:28:50","0052x000000zN8hAAE","2020-06-19 06:09:02","0052x000000zN8hAAE","2020-06-19 06:09:02","","","","","","","","Pending","000000000000000AAA","","","","",""
"0032x000003HWDJAA4","0","","0012x000004FKdmAAG","Dr.","aston","kutcher","","","","","","","","","","","","","","","","","(415)555-1212","","","","","","","","","","","","","","0052x000000zN8hAAE","0","0","0","2020-04-20 08:05:45","0052x000000zN8hAAE","2020-06-19 06:09:02","0052x000000zN8hAAE","2020-06-19 06:09:02","","","","","","","","Pending","000000000000000AAA","","","","",""
"0032x000003HYHmAAO","0","","000000000000000AAA","","","Test Contact","","","","","","","","","","","","","","","","","","","","","","","","","","","","","","","0052x000000zN8hAAE","0","0","0","2020-04-20 09:18:31","0052x000000zN8hAAE","2020-04-20 09:18:31","0052x000000zN8hAAE","2020-04-20 09:18:31","","","","","","","","Pending","000000000000000AAA","","","","",""
"0032x000003I8mvAAC","0","","000000000000000AAA","","Medhavi","Goyal","","","","","","","","","","","","","","","","","","","","","","","","abc@abc.com","","","","","","","0052x000000zN8hAAE","0","0","0","2020-04-21 10:04:40","0052x000000zN8hAAE","2020-04-21 10:04:40","0052x000000zN8hAAE","2020-04-21 10:04:40","","","","","","","","Pending","000000000000000AAA","","","","",""
"0032x000003IDg0AAG","0","","000000000000000AAA","","Bertha","Stevens","","","","","","","","","","","","","","","","","","","","","","","","test@test.com","","","","","","","0052x000000zN8hAAE","0","0","0","2020-04-21 12:39:12","0052x000000zN8hAAE","2020-04-21 12:39:12","0052x000000zN8hAAE","2020-04-21 12:39:12","","","","","","","","Pending","000000000000000AAA","","","","",""
"0032x000003IFsuAAG","0","","000000000000000AAA","","Quentin","Foam","","","","","","","","","","","","","","","","","(415)555-1212","","","","","","","qfoam@trailhead.com","Control Engineer - Specialty - Solar Arrays","Specialty Crisis Management","","","","","0052x000000zN8hAAE","0","0","0","2020-04-21 13:36:20","0052x000000zN8hAAE","2020-04-21 13:36:20","0052x000000zN8hAAE","2020-04-21 13:36:20","","","","","","","","Pending","000000000000000AAA","","","","",""
"0032x000003IFsvAAG","0","","000000000000000AAA","","Vega","North","","","","","","","","","","","","","","","","","(416)556-1312","","","","","","","vnorth@trailhead.com","Control Engineer - Specialty - Propulsion","Specialty Crisis Management","","","","","0052x000000zN8hAAE","0","0","0","2020-04-21 13:36:20","0052x000000zN8hAAE","2020-04-21 13:36:20","0052x000000zN8hAAE","2020-04-21 13:36:20","","","","","","","","Pending","000000000000000AAA","","","","",""
"0032x000003IFswAAG","0","","000000000000000AAA","","Palma","Sunrise","","","","","","","","","","","","","","","","","(554)623-1212","","","","","","","psunrise@trailhead.com","Control Engineer - Specialty - Radiators","Specialty Crisis Management","","","","","0052x000000zN8hAAE","0","0","0","2020-04-21 13:36:20","0052x000000zN8hAAE","2020-04-21 13:36:20","0052x000000zN8hAAE","2020-04-21 13:36:20","","","","","","","","Pending","000000000000000AAA","","","","",""
"0032x000003IG7cAAG","0","","000000000000000AAA","","Brian","Dent","","","","","","","","","","","","","","","","","(619)852-4569","","","","","","","briandent@trailhead.com","Mission Specialist - Neptune","Mission Control","","","","","0052x000000zN8hAAE","0","0","0","2020-04-21 13:42:01","0052x000000zN8hAAE","2020-04-21 13:42:01","0052x000000zN8hAAE","2020-04-21 13:42:01","","","","","","","","Pending","000000000000000AAA","","","","",""
"0032x000003JZMeAAO","0","","0012x000004LQzoAAG","","","Test Contact 1","","","","","","","","","","","","","","","","","","","","","","","","","","","","","","","0052x000000zN8hAAE","0","0","0","2020-04-23 10:05:29","0052x000000zN8hAAE","2020-06-19 06:09:02","0052x000000zN8hAAE","2020-06-19 06:09:02","","","","","","","","Pending","000000000000000AAA","","","","",""
